date_time,std_ntu,std_tot_par_a,std_b_g,std_b_r,time,std_wind_speed
43432.47,0.007575758,0.567142707,0.632583217,0.295938639,0.47224537,0.376084496
43486.36,0.166666667,0.02562658,0.231179933,0.163368984,0.35787037,0.665032063
43432.72,0.053030303,0.029854917,0.61125,0.296680942,0.722256944,0.228819313
43457.47,0.03030303,0.16198254,0.56620526,0.37210728,0.472326389,0.971331573
43432.56,0.022727273,0.099055629,0.628748733,0.404487722,0.555543981,0.224368163
43429.38,0.045454545,0.207636269,0.520568399,0.313274496,0.378425926,0.569973595
43459.53,0.704545455,0.003388702,0.191709184,0.074887892,0.534872685,0.757827235
43441.4,0.492424242,0.012369028,0.320365135,0.204404145,0.399328704,0.833270464
43452.46,0.037878788,0.54335764,0.580604883,0.228189311,0.461956019,0.483289325
43467.59,0.643939394,0.043895364,0.309082523,0.086052009,0.586944444,0.708789136
43452.49,0.068181818,0.565829477,0.580333248,0.214796106,0.493206019,0.402791399
43435.36,0.03030303,0.288259381,0.638164391,0.303939289,0.357673611,0.423462844
43431.64,0.037878788,0.231504191,0.58491205,0.318744215,0.638935185,0.276952094
43468.42,0.401515152,0.021033564,0.251159405,0.111051502,0.420324074,0.455224444
43426.33,0.022727273,0.116035192,0.593743963,0.418659004,0.326377315,0.543493022
43453.61,0.022727273,0.413165377,0.633659912,0.276731384,0.607777778,0.398491135
43478.35,0.068181818,0.163988865,0.541252485,0.27634584,0.347453704,0.674839683
43459.49,0.628787879,0.002921829,0.167518248,0.079069767,0.493229167,0.836288193
43437.26,0.015151515,0.018647099,0.695819805,0.495609756,0.263958333,0.519426631
43430.41,0.045454545,0.303703427,0.557730198,0.300056606,0.4096875,0.363334591
43468.42,0.409090909,0.022319767,0.255568966,0.110462777,0.420266204,0.455224444
43437.5,0.022727273,0.938271784,0.621583487,0.205540631,0.503553241,0.32267069
43455.26,0.03030303,0.014649961,0.682315022,0.544630872,0.264016204,0.428366654
43428.5,0.037878788,0.478329651,0.603927309,0.283673867,0.503460648,0.652961147
43447.33,0.075757576,0.067158888,0.628073168,0.33061651,0.326446759,0.154960392
43431.7,0.037878788,0.089445786,0.598151755,0.314363354,0.701354167,0
43456.28,0.022727273,0.043029545,0.540506304,0.45665529,0.284861111,0.658996605
43460.45,0.727272727,0.002533326,0.169892132,0.070414201,0.4515625,0.89136175
43447.49,0.045454545,0.53714951,0.57507259,0.266693378,0.493159722,0.807619766
43432.25,0.007575758,0.029739752,0.667548945,0.27289272,0.253530093,0.683138438
43474.4,0.136363636,0.106874151,0.412760754,0.223163175,0.399467593,0.159185213
43482.65,0.015151515,0.230292984,0.545805189,0.27633343,0.649525463,0.576763485
43432.6,0.431818182,0.071885488,0.59928068,0.368039539,0.5971875,0.287891362
43460.53,0.575757576,0.007278864,0.191312026,0.090883978,0.534895833,0.724632214
43435.28,0.007575758,0.042633008,0.798986981,0.530601093,0.284768519,0.297698982
43432.57,0.022727273,0.168730558,0.605961002,0.371320576,0.5659375,0.387250094
43446.25,0.234848485,0.007526958,0.533941523,0.24751773,0.253587963,0.339569974
43483.59,0.075757576,0.217975555,0.534829175,0.220560629,0.587037037,0.634100339
43479.48,0.060606061,0.620554113,0.528758525,0.249830401,0.482835648,0.615993965
43440.34,0.583333333,0.004503615,0.315920219,0.192307692,0.336875,0.766880422
43438.48,0.037878788,0.568146944,0.612000749,0.235292386,0.482708333,0.491738966
43428.72,0.022727273,0.036581577,0.768568213,0.394205794,0.722199074,0.378196907
43485.58,0.181818182,0.330310627,0.509179353,0.169302585,0.57662037,0.637118069
43483.38,0.128787879,0.070266674,0.497974743,0.300881743,0.37869213,0.576009053
43467.59,0.621212121,0.039884385,0.303305841,0.085323064,0.58693287,0.708789136
43483.38,0.03030303,0.070266674,0.497974743,0.300881743,0.37869213,0.576009053
43445.3,0.53030303,0.002311694,0.285870123,0.112244898,0.295231481,0.381893625
43456.55,0.015151515,0.384326445,0.653743222,0.277539629,0.54525463,0.344021124
43449.73,0.045454545,0.005937415,0.653690273,0.400588235,0.732766204,0.784986797
43480.58,0.075757576,0.232179569,0.520508201,0.243499869,0.5765625,0.633345907
43439.51,0.015151515,0.836208965,0.601137372,0.227517796,0.513900463,0.819690683
43482.53,0.007575758,0.353859267,0.588941118,0.237524054,0.534907407,0.533987175
43435.68,0.015151515,0.135801943,0.607610093,0.448364888,0.680601852,0.31799321
43433.74,0.068181818,0.017563874,0.589059278,0.350517598,0.743032407,0.194341758
43431.59,0.045454545,0.361415371,0.5860924,0.320171841,0.586770833,0.222783855
43442.56,0.28030303,0.029175357,0.428280484,0.234918919,0.555659722,0.862693323
43434.7,0.03030303,0.089536562,0.603892544,0.496171171,0.701377315,0.113994719
43451.39,0.068181818,0.263843413,0.548146277,0.249937578,0.388935185,0.293775934
43457.7,0.189393939,0.108403564,0.587482811,0.26106466,0.701550926,0.912485854
43446.27,0.166666667,0.018776636,0.527882914,0.240332326,0.274386574,0.363032818
43482.72,0.022727273,0.036588083,0.607520542,0.42049763,0.72244213,0.487966805
43483.52,0.090909091,0.21421394,0.533589247,0.232941176,0.524513889,0.610712939
43457.42,0.022727273,0.133286123,0.55600749,0.417820069,0.420266204,0.935873255
43449.52,0.037878788,0.136891415,0.643005952,0.340683311,0.524375,0.595624293
43435.44,0.015151515,0.77173932,0.655498735,0.230098199,0.441018519,0.347717842
43439.61,0.022727273,0.213806781,0.667652833,0.271908731,0.607638889,0.788758959
43434.46,0.022727273,0.836528185,0.643983185,0.226642205,0.46181713,0.140399849
43473.59,0.265151515,0.158678336,0.42878971,0.189591206,0.587025463,0.196152395
43478.55,0.075757576,0.251275691,0.496053886,0.232183499,0.545381944,0.573745756
43427.31,0.045454545,0.09038274,0.616119352,0.455134855,0.305497685,0.500716711
43467.43,0.704545455,0.012621222,0.227036448,0.076708508,0.430763889,0.66050547
43428.69,0.022727273,0.059389755,0.77663912,0.389561458,0.690983796,0.483515654
43433.45,0.022727273,0.529751997,0.657019111,0.267721379,0.451400463,0.211391928
43481.61,0.053030303,0.337594879,0.526891138,0.237535737,0.607893519,0.430705394
43466.39,0.696969697,0.007360106,0.209441489,0.068777293,0.3890625,0.59788759
43437.77,0.045454545,0.001286046,0.616477273,0.3875,0.77431713,0.402942286
43452.58,0.053030303,0.475270954,0.569385311,0.230978539,0.576493056,0.256280649
43484.7,0.098484848,0.131123036,0.461159483,0.217949293,0.701643519,0.515579027
43431.44,0.03030303,0.319682078,0.607186926,0.322556976,0.440983796,0.162580158
43426.7,0.022727273,0.015763116,0.785319767,0.428809524,0.701342593,0.4116937
43432.47,0,0.379817055,0.586024945,0.277737853,0.472199074,0.376084496
43453.39,0.015151515,0.310577502,0.598245451,0.331207289,0.389016204,0.334288948
43456.78,0.121212121,0.001024777,0.743468238,0.398148148,0.784814815,0.388004527
43450.74,0.204545455,0.012736506,0.480837416,0.317528736,0.743159722,0.454470011
43458.38,0.378787879,0.006767369,0.250844595,0.145283019,0.378576389,0.890607318
43425.52,0.03030303,0.690210319,0.66650865,0.240257458,0.524340278,0.490380988
43440.67,0.560606061,0.066039618,0.430059858,0.165815396,0.670196759,0.590343267
43466.69,0.606060606,0.00542965,0.176028084,0.063030303,0.691134259,0.541908714
43452.24,0.083333333,0.003928998,0.639530255,0.37480315,0.243148148,0.427687665
43483.35,0.037878788,0.061056475,0.474699663,0.307294264,0.347418981,0.575254621
43451.55,0.090909091,0.423304714,0.565015443,0.225987978,0.545208333,0.280799698
43481.69,0.022727273,0.11431426,0.500364,0.322632312,0.691157407,0.477781969
43457.51,0.015151515,0.31101164,0.590292339,0.317083997,0.514050926,0.924556771
43431.41,0.015151515,0.204761028,0.626241341,0.319007569,0.409780093,0.574500189
43480.55,0.075757576,0.486936244,0.535742397,0.22622029,0.54537037,0.621274991
43455.44,0,0.349478054,0.642849206,0.356469501,0.441087963,0.591852131
43475.61,0.075757576,0.098220285,0.558037797,0.301346563,0.607858796,0.663523199
43472.31,0.272727273,0.017509542,0.304506833,0.162974684,0.305717593,0.363108261
43471.56,0.113636364,0.224372747,0.462969782,0.190838436,0.555694444,0.312259525
43461.66,0.856060606,0.005667993,0.234817217,0.087278107,0.659826389,0.560920407
43471.6,0.212121212,0.098705755,0.398092988,0.145797237,0.597384259,0.268125236
43457.59,0.03030303,0.208622735,0.627401285,0.282304465,0.586967593,0.714070162
43437.27,0.03030303,0.032470189,0.678555575,0.479125529,0.274340278,0.526141079
43445.55,0.363636364,0.007375621,0.279782973,0.156140351,0.54525463,0.393889098
43440.52,0.257575758,0.093291774,0.507147606,0.232481297,0.524375,0.796303282
43452.48,0.060606061,0.531177932,0.586765754,0.224517906,0.482731481,0.412900792
43475.48,0.053030303,0.010833943,0.482142857,0.300977199,0.482777778,0.680120709
43439.68,0.128787879,0.049899006,0.630322967,0.306143791,0.68056713,0.523726896
43454.51,0.022727273,0.765735807,0.633837566,0.226531317,0.513969907,0.3303659
43484.71,0.227272727,0.082131546,0.461073304,0.235117692,0.711990741,0.516484346
43451.75,0.075757576,0.012403396,0.552197239,0.378797468,0.753622685,0.174349302
43454.42,0.022727273,0.412124627,0.613783251,0.313021131,0.420208333,0.300792154
43432.39,0.015151515,0.375408445,0.645517521,0.272302273,0.388923611,0.377744247
43448.52,0.03030303,0.272407909,0.622729827,0.316891034,0.524375,0.123576009
43454.72,0.03030303,0.070212016,0.63182703,0.446715328,0.722337963,0.40211241
43481.67,0.053030303,0.140028081,0.502891791,0.303574286,0.670347222,0.281026028
43471.61,0.189393939,0.092156107,0.39774568,0.145147783,0.607824074,0.333006413
43454.51,0.098484848,0.681515696,0.63800835,0.235710323,0.514027778,0.3303659
43486.55,0.143939394,0.233985233,0.445426013,0.176180349,0.54537037,0.705016975
43474.6,0.098484848,0.153658132,0.481973253,0.229537922,0.597418981,0.484194644
43487.41,0.151515152,0.021385849,0.266606405,0.171449925,0.40994213,0.495209355
43457.63,0.03030303,0.334278656,0.603012351,0.251240524,0.628541667,0.956997359
43470.63,0.212121212,0.126653283,0.41892694,0.154689245,0.628680556,0.293247831
43446.26,0.212121212,0.016049319,0.494028141,0.244,0.263993056,0.328630705
43483.61,0.121212121,0.290780164,0.539388442,0.216326531,0.607881944,0.621274991
43455.6,0.022727273,0.580631574,0.650429284,0.24102971,0.597349537,0.439984911
43428.71,0.03030303,0.087229402,0.649166549,0.291145092,0.711770833,0.333006413
43453.25,0.045454545,0.00970084,0.617291521,0.487850467,0.253564815,0.277480196
43433.39,0.015151515,0.437766044,0.637799416,0.241708699,0.388946759,0.331044889
43433.52,0.045454545,0.581702819,0.623125239,0.276847578,0.524305556,0.112938514
43469.65,0.5,0.059657807,0.375387679,0.135934597,0.649421296,0.419011694
43441.34,0.363636364,0.016694454,0.286389594,0.187126866,0.33681713,0.822708412
43479.72,0.037878788,0.050882967,0.529860618,0.351710422,0.722407407,0.46284421
43448.53,0.053030303,0.511980225,0.583388525,0.278589263,0.534791667,0.101772916
43439.49,0.022727273,0.369245767,0.610264439,0.262787917,0.493078704,0.750282912
43482.36,0.007575758,0.189841176,0.507452714,0.315294601,0.3578125,0.527499057
43435.73,0.022727273,0.038249906,0.655517435,0.557784011,0.732708333,0.303130894
43437.7,0.022727273,0.043956778,0.588260424,0.35915493,0.701412037,0.429724632
43447.75,0.060606061,0,0.558270677,0.338461538,0.753530093,0.33459072
43480.32,0.053030303,0.033567867,0.50573563,0.253499079,0.316168981,0.829498303
43432.57,0.037878788,0.168730558,0.605961002,0.371320576,0.5659375,0.387250094
43440.67,0.356060606,0.054716137,0.406951606,0.171461717,0.670243056,0.590343267
43478.53,0.037878788,0.252536988,0.489482376,0.227113366,0.534872685,0.603923048
43476.64,0.098484848,0.197818396,0.472635739,0.232344764,0.639039352,0.635609204
43484.47,0.015151515,0.393395172,0.518263171,0.230592867,0.472453704,0.47476424
43480.75,0.090909091,0.014879252,0.500749774,0.308470588,0.753634259,0.538890985
43475.66,0.106060606,0.069386234,0.580994107,0.282638889,0.659861111,0.599396454
43456.41,0.022727273,0.248615494,0.601761881,0.428731478,0.409837963,0.266691814
43466.41,0.689393939,0.00615208,0.221917808,0.079338843,0.409884259,0.682384006
43452.46,0.060606061,0.513566516,0.585562528,0.233226502,0.461898148,0.483289325
43474.66,0.075757576,0.206450772,0.530861187,0.265321329,0.65994213,0.456884195
43448.31,0.03030303,0.167449399,0.577458704,0.291808192,0.305625,0.554130517
43458.43,0.651515152,0.002617909,0.17519084,0.102255639,0.43068287,0.849867974
43452.77,0.045454545,0.002447698,0.71062935,0.541791045,0.774386574,0.176838929
43475.63,0.348484848,0.079231616,0.574097086,0.287660455,0.628668981,0.637118069
43435.64,0.015151515,0.233095357,0.650341346,0.403295907,0.638923611,0.327876273
43478.68,0.03030303,0.078492532,0.53822956,0.313324048,0.680798611,0.520256507
43425.6,0.015151515,0.517934593,0.676336656,0.248780983,0.5971875,0.319803848
43475.49,0.083333333,0.010932333,0.525597793,0.373529412,0.493275463,0.708789136
43441.6,0.446969697,0.015600214,0.403807947,0.174276527,0.597303241,1
43434.64,0.007575758,0.244171094,0.581699628,0.372945659,0.638923611,0.061184459
43475.44,0.075757576,0.008404605,0.512371845,0.330472103,0.441111111,0.668804225
43437.25,0.015151515,0.014592572,0.689278846,0.478378378,0.253460648,0.50818559
43483.56,0.068181818,0.228588501,0.536226219,0.218195956,0.555717593,0.65748774
43426.73,0.037878788,0.026815946,0.670065789,0.35503268,0.732627315,0.374651075
43426.33,0.022727273,0.115870079,0.593699613,0.417208413,0.326400463,0.543493022
43449.38,0.060606061,0.059951116,0.630299659,0.304473541,0.378587963,0.375254621
43472.51,0.068181818,0.242116411,0.453889808,0.221161928,0.514050926,0.52546209
43486.45,0.257575758,0.087394345,0.33459265,0.200630564,0.4515625,0.64089023
43476.75,0.113636364,0.005310868,0.459256329,0.174796748,0.75369213,0.487212373
43452.4,0.045454545,0.318088809,0.551563676,0.259947846,0.399398148,0.510222558
43461.68,0.856060606,0.003892195,0.227576336,0.087966805,0.680659722,0.589588834
43447.49,0.090909091,0.503475724,0.577472535,0.278602759,0.493171296,0.807619766
43436.7,0.015151515,0.067583305,0.614672912,0.465928571,0.701458333,0.505243304
43475.49,0.083333333,0.010581257,0.527604167,0.349310345,0.493263889,0.708789136
43451.36,0.090909091,0.196726218,0.537906098,0.272222222,0.357708333,0.328630705
43456.68,0.068181818,0.066135259,0.734180515,0.35354536,0.680694444,0.676348548
43472.32,0.265151515,0.020080268,0.308403378,0.167136812,0.316122685,0.388834402
43452.67,0.053030303,0.08276282,0.587317685,0.380089597,0.670277778,0.159185213
43451.64,0.060606061,0.184332248,0.531806716,0.29012948,0.638958333,0.172463221
43438.25,0.045454545,0.013527995,0.572878229,0.325252525,0.253564815,0.567710298
43434.6,0.022727273,0.344656062,0.627361532,0.346744955,0.597222222,0.075745002
43456.78,0.03030303,0.00103463,0.735217842,0.403846154,0.784884259,0.388004527
43482.41,0.022727273,0.362036154,0.533046225,0.265358681,0.409895833,0.5303659
43445.63,0.333333333,0.029516701,0.403056725,0.208648111,0.628530093,0.45047152
43439.65,0.068181818,0.094655395,0.635491887,0.273869029,0.649328704,0.678611845
43445.4,0.446969697,0.00492482,0.267422856,0.135874439,0.399351852,0.315352697
43475.6,0.068181818,0.101134083,0.546886722,0.293179505,0.597372685,0.682384006
43452.39,0.045454545,0.269639962,0.549658777,0.27203138,0.389027778,0.482987552
43439.53,0.022727273,0.647102202,0.618929685,0.223454454,0.534780093,0.771407016
43435.41,0.015151515,0.503384738,0.662733758,0.261717113,0.409733796,0.360015089
43454.41,0.03030303,0.456531845,0.5879385,0.300124205,0.409872685,0.335345153
43436.64,0.022727273,0.311292217,0.608765236,0.323193393,0.638900463,0.492568842
43482.58,0.015151515,0.476463495,0.593411957,0.240055285,0.576643519,0.613730668
43439.47,0.015151515,0.277856579,0.600292105,0.278387243,0.472256944,0.860430026
43467.65,0.742424242,0.016408886,0.25521859,0.083842795,0.649456019,0.403545832
43429.61,0.045454545,0.326891131,0.600841236,0.262630765,0.607662037,0.746510751
43478.61,0.083333333,0.14267868,0.519327626,0.304196338,0.6078125,0.50328178
43439.67,0.098484848,0.057098322,0.646429947,0.322202591,0.670196759,0.585816673
43463.48,0.901515152,0.008796411,0.234375,0.059055118,0.482824074,0.824971709
43476.42,0.166666667,0.093607698,0.428326651,0.232808758,0.420277778,0.67710298
43466.63,0.621212121,0.017079893,0.246943326,0.078497942,0.628611111,0.642399095
43428.3,0.022727273,0.057888472,0.664657402,0.419646643,0.295162037,0.55186722
43454.48,0.022727273,0.801173096,0.618800621,0.236154727,0.482789352,0.250396077
43452.34,0.037878788,0.042324883,0.635446397,0.425604839,0.336875,0.42195398
43429.44,0.045454545,0.289720405,0.529317167,0.312393543,0.440960648,0.47732931
43437.66,0.022727273,0.184501391,0.611303472,0.320526015,0.65974537,0.297170879
43450.72,0.174242424,0.02496304,0.448447132,0.289067055,0.722303241,0.555639381
43460.28,0.765151515,0.0035942,0,0,0.284837963,0.797812146
43431.43,0.015151515,0.243536517,0.621938579,0.330959025,0.430532407,0.217653716
43480.64,0.151515152,0.247085214,0.490941371,0.268210383,0.639074074,0.518823086
43451.33,0.106060606,0.09928577,0.516017042,0.293743335,0.326469907,0.343870238
43468.6,0.234848485,0.227254605,0.474208262,0.164840136,0.597337963,0.491512637
43435.73,0.022727273,0.039494466,0.645155221,0.544042838,0.732673611,0.303130894
43467.63,0.643939394,0.02964373,0.287919433,0.088499385,0.628622685,0.537457563
43456.61,0.03030303,0.398299397,0.595412797,0.231564859,0.607708333,0.688419464
43429.58,0.053030303,0.378150803,0.579063493,0.255955074,0.576435185,0.683138438
43425.57,0.022727273,0.579624761,0.692115439,0.258164231,0.565925926,0.377140702
43479.6,0.053030303,0.242124358,0.522498709,0.27374464,0.597453704,0.519124859
43431.57,0.037878788,0.416692802,0.594035464,0.335798481,0.565949074,0.14696341
43475.67,0.121212121,0.041494945,0.585766038,0.286012365,0.670358796,0.572236892
43443.33,0.659090909,0.000397557,0.320913462,0.153448276,0.326458333,0.864202188
43455.34,0.022727273,0.160726328,0.596146003,0.507056911,0.336944444,0.446473029
43456.39,0.007575758,0.105958784,0.628359041,0.472657311,0.38900463,0.370652584
43446.47,0.143939394,0.175939373,0.441700113,0.232747489,0.472326389,0.229271973
43454.67,0.022727273,0.196949991,0.621631403,0.34721374,0.670277778,0.311505092
43479.76,0.053030303,0.011603181,0.577167981,0.340785498,0.764039352,0.544851
43439.38,0.022727273,0.191945643,0.542346257,0.361970316,0.37849537,0.689928329
43486.72,0.21969697,0.036845508,0.395574383,0.168811189,0.72244213,0.797057714
43452.68,0.037878788,0.057516326,0.604376481,0.379958101,0.680659722,0.167333082
43437.52,0.022727273,0.659784411,0.641387882,0.217607491,0.524340278,0.492568842
43479.33,0.045454545,0.115461107,0.532354175,0.289873035,0.326550926,0.705771407
43451.6,0.053030303,0.323838691,0.559085424,0.255691439,0.597349537,0.149226707
43484.67,0.075757576,0.127458368,0.494957692,0.2255451,0.670347222,0.485703508
43454.68,0.015151515,0.157735427,0.632208762,0.360086873,0.680706019,0.330592229
43434.4,0.03030303,0.467192884,0.635591695,0.246428571,0.399363426,0.305771407
43441.53,0.325757576,0.02858509,0.427437965,0.239297848,0.534791667,0.776688042
43451.57,0.060606061,0.408455051,0.56703593,0.232869924,0.566087963,0.263523199
43432.5,0.007575758,0.343280235,0.637076231,0.329597523,0.503518519,0.435910977
43435.23,0.045454545,0.001986672,0.826580669,0.518461538,0.232650463,0.248887212
43433.65,0.053030303,0.054340832,0.464510421,0.253164557,0.649363426,0.051904942
43469.38,0.227272727,0.03239699,0.302312078,0.19224572,0.378611111,0.615993965
43450.66,0.378787879,0.083069473,0.375982962,0.195472512,0.659849537,0.525914749
43458.42,0.674242424,0.013593332,0.2300513,0.126365348,0.420277778,0.811391928
43436.34,0.053030303,0.096337602,0.667522843,0.376379516,0.336840278,0.35443229
43482.76,0.015151515,0.016893946,0.630082506,0.467837838,0.764074074,0.514371935
43479.35,0.037878788,0.166339752,0.52937602,0.269744076,0.347430556,0.632591475
43482.75,0.151515152,0.024259823,0.610709419,0.433756806,0.753680556,0.491889853
43451.77,0.090909091,0.00179608,0.290577168,0.217741935,0.774444444,0.070690306
43426.33,0.045454545,0.116035192,0.593743963,0.418659004,0.326377315,0.543493022
43426.67,0.045454545,0.237847696,0.616723251,0.284319211,0.670150463,0.432666918
43426.23,0.022727273,0.002546731,0.726393885,0.403370787,0.232604167,0.585062241
43478.44,0.037878788,0.422582519,0.565847455,0.242588669,0.441215278,0.468879668
43457.4,0.015151515,0.222874767,0.551231021,0.41700145,0.399467593,0.950961901
43481.28,0.03030303,0.02326009,0.482249118,0.325795645,0.284918981,0.457035081
43458.34,0.537878788,0.007729903,0.283519809,0.153691275,0.336979167,0.845341381
43439.6,0.053030303,0.496038577,0.632365839,0.23872535,0.597256944,0.735194266
43482.4,0.007575758,0.335221745,0.542867098,0.266217595,0.399525463,0.551112788
43442.42,0.431818182,0.011995857,0.320360702,0.217391304,0.420208333,0.79253112
43483.3,0.037878788,0.037037044,0.434434406,0.30157563,0.295393519,0.496944549
43428.34,0.022727273,0.068110368,0.638041171,0.419134253,0.33681713,0.543493022
43480.59,0.106060606,0.240132101,0.518772464,0.249677086,0.587037037,0.606940777
43439.53,0.022727273,0.649060679,0.626784098,0.227927743,0.534803241,0.771407016
43436.72,0.015151515,0.045503937,0.604898812,0.487582418,0.722222222,0.51799321
43476.66,0.128787879,0.134846898,0.492725308,0.242932903,0.659907407,0.637872501
43477.67,0.068181818,0.111418183,0.490553614,0.271271057,0.67037037,0.508487363
43433.73,0.045454545,0.030569174,0.57445941,0.343658537,0.732650463,0.114447378
43430.24,0.015151515,0.009220453,0.744704325,0.272479564,0.24306713,0.377140702
43437.71,0.045454545,0.033820175,0.54415107,0.341836735,0.711793981,0.442625424
43425.76,0.022727273,0.004959734,0.841297238,0.666019417,0.763912037,0.385213127
43426.69,0.037878788,0.01808968,0.83984013,0.474172185,0.690983796,0.393511882
43436.26,0.015151515,0.021112445,0.75132731,0.535874439,0.263923611,0.367106752
43472.51,0.068181818,0.263029281,0.462375191,0.215171035,0.514108796,0.52546209
43486.47,0.159090909,0.060961277,0.37467188,0.205465587,0.472465278,0.519954734
43473.6,0.128787879,0.155206857,0.431931996,0.188554007,0.597418981,0.186797435
43487.63,0.333333333,0.133576877,0.42604244,0.153284798,0.62869213,0.495209355
43455.58,0.037878788,0.685447495,0.647563863,0.24415811,0.576516204,0.481478687
43432.67,0.045454545,0.033598436,0.606063179,0.348954895,0.670208333,0.216974727
43446.28,0.174242424,0.024681879,0.498937331,0.212432432,0.284849537,0.314824594
43473.45,0.053030303,0.164285782,0.403097915,0.225360458,0.451539352,0.47008676
43487.51,0.234848485,0.127558605,0.371282905,0.177496177,0.514074074,0.495209355
43454.43,0.037878788,0.460651994,0.623425803,0.3,0.430613426,0.355186722
43437.68,0.015151515,0.086631971,0.644126055,0.389986092,0.680555556,0.39064504
43432.59,0.022727273,0.309374582,0.579789105,0.339232176,0.586875,0.248057337
43450.59,0.310606061,0.104833533,0.362697197,0.150563116,0.586863426,0.380082988
43450.57,0.454545455,0.082644618,0.388419323,0.159606792,0.566076389,0.435005658
43428.41,0.015151515,0.407768194,0.565273291,0.35466,0.409756944,0.583553376
43428.41,0.022727273,0.389302335,0.565084899,0.357382274,0.409733796,0.583553376
43474.71,0.045454545,0.085842528,0.530019685,0.278834951,0.711956019,0.178800453
43444.71,0.848484848,0.000300127,0.186121324,0.060810811,0.711921296,0.720105621
43454.67,0.03030303,0.199421823,0.619030129,0.328604568,0.670266204,0.311505092
43430.38,0.068181818,0.264336236,0.56073751,0.290530398,0.378518519,0.344096567
43428.45,0.022727273,0.405355395,0.58029727,0.322955473,0.451435185,0.616748397
43450.75,0.196969697,0.007180902,0.540456081,0.350246305,0.753564815,0.352697095
43471.7,0.242424242,0.044339428,0.395071921,0.161577181,0.701597222,0.230026405
43427.45,0.022727273,0.488690756,0.600727317,0.307658475,0.451400463,0.608449642
43472.39,0.113636364,0.101682127,0.393761156,0.24375,0.389016204,0.498528857
43442.53,0.484848485,0.030412767,0.427537129,0.250054289,0.534768519,0.716333459
43449.42,0.03030303,0.236808155,0.61821633,0.283255814,0.420196759,0.545228216
43481.55,0.053030303,0.481540217,0.521192014,0.205195361,0.54537037,0.418709921
43435.55,0.007575758,0.680233274,0.64917077,0.2411733,0.545185185,0.329385138
43454.52,0.022727273,0.673000163,0.629192087,0.234477198,0.524444444,0.322067144
43478.5,0.045454545,0.316942687,0.515534508,0.240022751,0.503622685,0.588834402
43436.76,0.03030303,0.007036724,0.723817568,0.567549669,0.763900463,0.46239155
43485.71,0.393939394,0.043680589,0.414461752,0.190914787,0.712013889,0.564692569
43445.64,0.227272727,0.020786834,0.395574229,0.213936782,0.638912037,0.45092418
43486.61,0.181818182,0.263960641,0.487890863,0.173699607,0.607905093,0.688419464
43471.38,0.151515152,0.038052667,0.327897672,0.208861859,0.378680556,0.268728782
43485.52,0.128787879,0.460843824,0.496351599,0.19747271,0.524560185,0.827235006
43436.33,0.03030303,0.100711629,0.650906088,0.385389738,0.326423611,0.377895134
43474.59,0.113636364,0.250898798,0.486779827,0.229266242,0.587025463,0.403772161
43455.66,0.060606061,0.274116038,0.644904459,0.291166078,0.659849537,0.46261788
43450.65,0.242424242,0.067254055,0.376168342,0.195677106,0.649421296,0.591097699
43440.67,0.628787879,0.060803576,0.411436028,0.173392555,0.670162037,0.590343267
43445.47,0.454545455,0.004218287,0.255740528,0.150857143,0.472337963,0.373745756
43435.42,0.060606061,0.71991881,0.637360669,0.226256845,0.420162037,0.333232742
43439.53,0.022727273,0.627152299,0.627186394,0.243656592,0.53474537,0.771407016
43480.71,0.113636364,0.03531786,0.506986461,0.341873589,0.712002315,0.543870238
43430.47,0.090909091,0.364205681,0.552460929,0.306430354,0.472199074,0.049641645
43430.68,0.037878788,0.173553046,0.601369214,0.291424946,0.680613426,0.054168238
43451.41,0.075757576,0.330265626,0.559279422,0.240330357,0.409849537,0.265861939
43472.55,0.106060606,0.29432868,0.486318659,0.213537906,0.545324074,0.353376084
43454.75,0.037878788,0.021056405,0.694076609,0.545754717,0.753541667,0.463523199
43481.61,0.037878788,0.347571406,0.534375652,0.228771137,0.607858796,0.430705394
43485.38,0.272727273,0.047902934,0.383749329,0.276715686,0.378738426,0.640135798
43431.7,0.037878788,0.089445786,0.598151755,0.314363354,0.701354167,0
43475.75,0.159090909,0.01346334,0.590484297,0.273101952,0.753645833,0.442549981
43487.74,0.212121212,0.017211906,0.396711744,0.15986014,0.743310185,0.495209355
43459.61,0.840909091,0.014261204,0.245556015,0.088442211,0.607766204,0.692946058
43455.65,0.053030303,0.302474057,0.64523037,0.297405015,0.649456019,0.452659374
43440.43,0.348484848,0.073754264,0.455493226,0.265402405,0.430625,0.627310449
43441.49,0.272727273,0.039603805,0.443737173,0.274798928,0.493159722,0.844586948
43457.58,0.022727273,0.31092416,0.635320343,0.271138724,0.57650463,0.837797058
43440.61,0.446969697,0.188098775,0.471695026,0.173510446,0.607743056,0.581290079
43468.76,0.159090909,0.003353199,0.487173913,0.272131148,0.764097222,0.305243304
43478.73,0.045454545,0.019878058,0.631362204,0.353610108,0.73287037,0.553376084
43447.23,0.098484848,0.000149104,0.6125,0.257894737,0.23275463,0.184835911
43437.27,0.037878788,0.032376883,0.679643027,0.483072546,0.274386574,0.526141079
43483.53,0.090909091,0.253490581,0.535073201,0.224742382,0.534895833,0.584307808
43438.35,0.015151515,0.166715852,0.544142898,0.362389381,0.347303241,0.415390419
43454.75,0.022727273,0.020743287,0.695933079,0.574242424,0.753564815,0.463523199
43480.66,0.045454545,0.155964241,0.488369257,0.279059351,0.659872685,0.468049793
43426.67,0.053030303,0.237847696,0.616723251,0.284319211,0.670150463,0.432666918
43430.48,0.053030303,0.375851027,0.555606784,0.306359731,0.482662037,0.082082233
43445.31,0.53030303,0.003523351,0.290039063,0.114925373,0.305590278,0.412297246
43439.4,0.037878788,0.263319294,0.550640255,0.331186094,0.399363426,0.753300641
43434.68,0.015151515,0.123418032,0.608922755,0.471079021,0.680601852,0.131723878
43477.27,0.128787879,0.010887106,0.472522263,0.178361345,0.274444444,0.588834402
43452.48,0.037878788,0.568382419,0.581767613,0.212539711,0.482789352,0.412900792
43443.33,0.742424242,0.000354109,0.180540393,0.083050847,0.326400463,0.864202188
43476.3,0.234848485,0.056845615,0.428576618,0.181327801,0.29537037,0.649943418
43447.24,0.083333333,0.005476271,0.571055133,0.241628959,0.24318287,0.179856658
43455.58,0.037878788,0.600952594,0.655520361,0.246159033,0.57650463,0.481478687
43446.52,0.098484848,0.214204871,0.476837688,0.2477842,0.52443287,0.271671068
43445.51,0.409090909,0.010252677,0.303365385,0.165616798,0.513981481,0.269784987
43435.43,0.015151515,0.851085664,0.639885565,0.222601279,0.430636574,0.31565447
43478.64,0.045454545,0.075917335,0.510872177,0.295774648,0.63912037,0.536854017
43439.6,0.090909091,0.500161847,0.634639767,0.239270973,0.59724537,0.735194266
43483.67,0.03030303,0.071705648,0.54352596,0.279321412,0.670300926,0.605431912
43462.55,0.742424242,0.005280287,0.20760252,0.072383721,0.545300926,0.866465485
43438.58,0.015151515,0.287589983,0.658656504,0.248411944,0.576469907,0.473179932
43448.75,0.136363636,0.00541994,0.52623095,0.28,0.753599537,0.241569219
43486.35,0.181818182,0.015775908,0.273599021,0.185862786,0.34744213,0.627310449
43441.35,0.454545455,0.007916125,0.2835,0.199209486,0.347291667,0.882308563
43486.44,0.25,0.017964613,0.281343037,0.16969697,0.44119213,0.598642022
43452.7,0.037878788,0.089574051,0.532673873,0.372456223,0.701527778,0.163032818
43477.57,0.090909091,0.246392386,0.485873184,0.238744643,0.566215278,0.613730668
43438.7,0.022727273,0.061415697,0.633297662,0.36484472,0.701481481,0.377970577
43436.33,0.022727273,0.099177989,0.650699356,0.391922456,0.326400463,0.377895134
43436.72,0.022727273,0.045479971,0.603477725,0.486043956,0.722268519,0.51799321
43466.49,0.590909091,0.051610924,0.30647626,0.101663516,0.493252315,0.732176537
43428.6,0.015151515,0.534285375,0.633053461,0.244644282,0.597268519,0.609204074
43425.75,0.015151515,0.010114957,0.835344828,0.655837563,0.753483796,0.380535647
43447.26,0.068181818,0.02425109,0.610637019,0.282957393,0.263923611,0.171708789
43476.27,0.25,0.030328391,0.456970139,0.17448,0.274467593,0.450396077
43433.43,0.083333333,0.626832429,0.640828422,0.241229336,0.430555556,0.589588834
43429.24,0.03030303,0.010137904,0.667453739,0.24842615,0.243032407,0.533157299
43439.76,0.295454545,0.002066932,0.649857955,0.455223881,0.763900463,0.780460204
43451.68,0.106060606,0.106877703,0.531836392,0.335422741,0.680671296,0.422029423
43474.48,0.090909091,0.200634635,0.442397513,0.23887808,0.482858796,0.069709544
43471.74,0.196969697,0.0178905,0.401358283,0.185207101,0.743240741,0.189890607
43439.56,0.090909091,0.540605054,0.639848942,0.246885684,0.555590278,0.867219917
43430.66,0.053030303,0.210537678,0.609892542,0.297586207,0.659722222,0.135496039
43472.47,0.196969697,0.166389279,0.417042546,0.2244237,0.472418981,0.593360996
43475.53,0.060606061,0.036048513,0.555003815,0.339244491,0.534918981,0.719351188
43431.76,0.037878788,0.003091536,0.806166481,0.3575,0.763854167,0.363636364
43479.31,0.022727273,0.064458267,0.518157073,0.296254072,0.305729167,0.636363636
43435.61,0.015151515,0.47071361,0.621610965,0.303015414,0.607708333,0.312712184
43479.59,0.212121212,0.183226696,0.520263183,0.277664975,0.587002315,0.596378725
43432.65,0.037878788,0.022664965,0.608348987,0.381174439,0.649351852,0.346435307
43482.58,0.015151515,0.587354084,0.587759425,0.229984758,0.576597222,0.613730668
43429.59,0.060606061,0.344883374,0.59422576,0.266049605,0.586782407,0.701999246
43434.42,0.03030303,0.686897503,0.64194771,0.231175994,0.420138889,0.271897397
43427.33,0.03030303,0.126216205,0.599555292,0.454111406,0.326365741,0.551112788
43448.26,0.075757576,0.025902296,0.694759706,0.335031847,0.263935185,0.554130517
43445.61,0.204545455,0.019008232,0.397929567,0.220064205,0.60775463,0.437495285
43429.48,0.045454545,0.34489443,0.541712589,0.293300452,0.482592593,0.51097699
43450.64,0.257575758,0.036538306,0.381996269,0.192857143,0.638946759,0.556393814
43456.65,0.022727273,0.172614136,0.634707331,0.261123219,0.649421296,0.732176537
43454.75,0.037878788,0.021658889,0.68184749,0.545243619,0.753587963,0.463523199
43474.56,0.106060606,0.238500034,0.471000116,0.226274165,0.555717593,0.249490758
43455.44,0.007575758,0.349478054,0.642849206,0.356469501,0.441087963,0.591852131
43480.64,0.151515152,0.213214326,0.495662132,0.280033085,0.639108796,0.518823086
43432.57,0.022727273,0.169395332,0.606273371,0.369102834,0.566006944,0.387250094
43471.5,0.21969697,0.194396913,0.429870612,0.200928793,0.50369213,0.271746511
43476.39,0.287878788,0.146347498,0.420383409,0.202141875,0.389039352,0.826480573
43448.33,0.090909091,0.181399726,0.598723278,0.308805513,0.326446759,0.470313089
43469.41,0.272727273,0.054024484,0.322511817,0.192760447,0.409895833,0.595624293
43478.31,0.045454545,0.078198576,0.558537586,0.316566682,0.305787037,0.702753678
43486.44,0.424242424,0.019377535,0.287653846,0.171782946,0.441168981,0.598642022
43427.75,0.045454545,0.014912123,0.740585978,0.403588517,0.753460648,0.181139193
43440.65,0.310606061,0.112731423,0.432269874,0.164407502,0.649328704,0.609204074
43472.39,0.113636364,0.101703986,0.390904842,0.241601095,0.389074074,0.498528857
43432.49,0.007575758,0.480889665,0.628394373,0.310402517,0.493055556,0.59788759
43441.5,0.272727273,0.044722823,0.454018473,0.270207852,0.503506944,0.825726141
43483.34,0.037878788,0.051685926,0.470895687,0.296688265,0.336979167,0.526367409
43468.59,0.242424242,0.240146583,0.474231569,0.161518027,0.58693287,0.498000754
43487.69,0.265151515,0.092278237,0.432595916,0.162755369,0.691226852,0.495209355
43455.35,0.022727273,0.217215327,0.591504026,0.460545739,0.347372685,0.423462844
43429.35,0.037878788,0.069757974,0.600570342,0.375688073,0.347222222,0.603923048
43466.42,0.689393939,0.021181541,0.257231405,0.091125343,0.420324074,0.67710298
43456.45,0.022727273,0.26561612,0.627584865,0.383791455,0.451539352,0.218408148
43472.34,0.166666667,0.034707268,0.325212824,0.188152078,0.336979167,0.407770653
43486.74,0.212121212,0.029047416,0.387031965,0.153505238,0.743287037,0.781214636
43438.34,0.037878788,0.134807846,0.541929192,0.384279756,0.336840278,0.399547341
43442.48,0.234848485,0.040496387,0.404582791,0.255459272,0.482731481,0.611467371
43434.28,0.007575758,0.063476531,0.644287415,0.356049094,0.284780093,0.264353074
43441.63,0.621212121,0.013198968,0.359960147,0.134235669,0.628530093,0.931346662
43486.58,0.189393939,0.310853142,0.487245078,0.174692894,0.576643519,0.645416824
43485.7,0.234848485,0.060380091,0.414409534,0.179419525,0.701655093,0.557148246
43474.35,0.128787879,0.092348441,0.424416609,0.220307281,0.347384259,0.336854017
43453.34,0.045454545,0.151379785,0.578984072,0.413567839,0.336909722,0.296793663
43457.28,0.03030303,0.036281624,0.587244424,0.345641026,0.284826389,0.617502829
43484.4,0.090909091,0.182505137,0.436063657,0.261553323,0.399537037,0.553376084
43475.43,0.075757576,0.005328296,0.492434211,0.313836478,0.430694444,0.653715579
43443.4,0.583333333,0.004536361,0.27191515,0.151256281,0.399386574,0.9275745
43445.64,0.227272727,0.022329274,0.400547786,0.208541393,0.63900463,0.45092418
43445.28,0.734848485,0.001155884,0.277655751,0.1,0.28474537,0.337533006
43452.75,0.03030303,0.010972268,0.652213796,0.457528958,0.753599537,0.171708789
43476.42,0.196969697,0.103307422,0.45071636,0.22,0.420347222,0.67710298
43448.6,0.068181818,0.318313442,0.56459832,0.305537062,0.597349537,0.092040739
43464.47,1,0.006302966,0.234324543,0.049710983,0.472407407,0.83855149
43430.3,0.045454545,0.113483177,0.572358605,0.24405232,0.295185185,0.313240287
43436.58,0.03030303,0.229134215,0.693396558,0.295340067,0.576446759,0.488268578
43451.44,0.075757576,0.429434801,0.577775662,0.23051077,0.441064815,0.259373821
43429.41,0.053030303,0.222204587,0.523223284,0.322697088,0.409768519,0.529385138
43449.38,0.053030303,0.059951116,0.630299659,0.304473541,0.378587963,0.375254621
43453.35,0.03030303,0.185562102,0.586515632,0.396500479,0.347314815,0.289928329
43427.49,0.03030303,0.650489339,0.615149498,0.257560432,0.493101852,0.57827235
43477.47,0.060606061,0.274531586,0.507092685,0.246333783,0.472384259,0.563938137
43436.39,0.007575758,0.402194495,0.626579986,0.296044291,0.388877315,0.320256507
43436.6,0.037878788,0.262846177,0.664285629,0.291373385,0.597268519,0.472878159
43438.72,0.022727273,0.010842885,0.659804502,0.395547945,0.72224537,0.301622029
43473.26,0.651515152,0.005383007,0.399825784,0.162549801,0.264097222,0.366804979
43452.58,0.053030303,0.468131235,0.574166794,0.238209237,0.576481481,0.256280649
43470.52,0.166666667,0.107562044,0.341824116,0.137676367,0.524502315,0.423387401
43474.42,0.143939394,0.118998078,0.407957927,0.228911379,0.420289352,0.14251226
43447.59,0.053030303,0.336760608,0.568444594,0.31104487,0.586840278,0.517615994
43480.5,0.083333333,0.345513978,0.537641996,0.226305863,0.503634259,0.587325538
43454.66,0.045454545,0.231392612,0.615129032,0.322136269,0.659837963,0.327649943
43439.28,0.045454545,0.040404785,0.537318541,0.42543554,0.284733796,0.635609204
43482.27,0.060606061,0.009094337,0.542091837,0.306859206,0.274490741,0.517238778
43439.28,0.045454545,0.042517992,0.530456513,0.410441335,0.284756944,0.635609204
43428.52,0.121212121,0.554630298,0.609908016,0.26805768,0.524259259,0.626556017
43439.58,0.045454545,0.454861222,0.641229674,0.242028089,0.576388889,0.865711052
43452.42,0.053030303,0.406550209,0.574260544,0.251752761,0.420231481,0.50350811
43426.26,0.022727273,0.033359404,0.649199695,0.465437158,0.263912037,0.570728027
43430.39,0.037878788,0.284233657,0.562554194,0.296571569,0.388946759,0.350509242
43475.57,0.053030303,0.086117207,0.559878429,0.314024136,0.566180556,0.695209355
43435.72,0.007575758,0.053586644,0.632052259,0.536111111,0.722222222,0.330818559
43454.32,0.053030303,0.07764886,0.537539743,0.416195063,0.316076389,0.499811392
43452.68,0.037878788,0.056844138,0.603318782,0.386575736,0.68068287,0.167333082
43431.42,0.022727273,0.213749129,0.622752101,0.325890501,0.420173611,0.307808374
43451.77,0.075757576,0.001837478,0.566929134,0.376470588,0.774386574,0.070690306
43461.49,0.939393939,0.002049474,0.172666139,0.056725146,0.493240741,0.959260656
43452.66,0.045454545,0.173005684,0.541297465,0.327191257,0.659780093,0.158807997
43434.28,0.007575758,0.061718297,0.646176784,0.364268143,0.284699074,0.264353074
43433.24,0.015151515,0.01217422,0.698125404,0.328205128,0.243078704,0.280196152
43484.27,0.045454545,0.015033661,0.45548231,0.261422414,0.274479167,0.608449642
43472.28,0.242424242,0.006680659,0.37013205,0.187022901,0.284895833,0.525084874
43450.47,0.568181818,0.009422051,0.285050676,0.096711799,0.472303241,0.546586194
43434.26,0.007575758,0.029777283,0.672675136,0.397795071,0.263877315,0.367483968
43439.76,0.106060606,0.002066932,0.649857955,0.455223881,0.763900463,0.780460204
43430.35,0.060606061,0.20701746,0.562156479,0.276470588,0.3471875,0.400603546
43436.36,0.007575758,0.310636974,0.598329156,0.311065574,0.357638889,0.402640513
43467.56,0.863636364,0.057295224,0.320973956,0.09180791,0.555671296,0.723877782
43448.44,0.053030303,0.478492906,0.60399732,0.266787717,0.441099537,0.196755941
43455.7,0.045454545,0.043235607,0.764439411,0.476663357,0.701469907,0.395473406
43428.71,0.022727273,0.082160935,0.660860186,0.300507813,0.711793981,0.333006413
43455.48,0.015151515,0.747660543,0.635237584,0.266363854,0.482789352,0.45303659
43452.74,0.045454545,0.017786871,0.637300532,0.460349127,0.743148148,0.193134666
43433.26,0.015151515,0.042199607,0.619972139,0.310855784,0.263900463,0.289324783
43447.27,0.106060606,0.031265858,0.617996779,0.284494603,0.274351852,0.167710298
43448.38,0.045454545,0.366906486,0.600483349,0.278786834,0.378564815,0.203319502
43474.36,0.136363636,0.11047343,0.420723141,0.224371429,0.357858796,0.273783478
43435.67,0.007575758,0.174017435,0.59937264,0.419395337,0.670185185,0.2986043
43478.31,0.03030303,0.07676993,0.562804323,0.301377778,0.305763889,0.702753678
43474.7,0.053030303,0.11525814,0.54097481,0.267908788,0.7015625,0.239381366
43432.52,0.015151515,0.396137375,0.611479361,0.321826777,0.524282407,0.064277631
43471.4,0.189393939,0.042598821,0.321753306,0.193080357,0.399502315,0.201961524
43487.44,0.992424242,0.011750804,0.224028815,0.127293065,0.441215278,0.495209355
43426.55,0.03030303,0.256334349,0.66874916,0.260899845,0.545138889,0.478083742
43454.69,0.022727273,0.192325677,0.594536424,0.35048912,0.691122685,0.269935873
43435.25,0.022727273,0.022393865,0.677618534,0.418132855,0.253541667,0.258996605
43446.24,0.189393939,0.0025967,0.563720174,0.252459016,0.24318287,0.319351188
43436.31,0.03030303,0.069884274,0.687430246,0.489604292,0.305636574,0.345982648
43443.41,0.446969697,0.004398113,0.200468585,0.119680851,0.409780093,0.932855526
43445.56,0.643939394,0.010841014,0.291543326,0.149302326,0.555590278,0.403847605
43475.27,0.068181818,0.003397463,0.758505155,0.288741722,0.274490741,0.435760091
43456.75,0.037878788,0.016675541,0.758542743,0.502362205,0.753634259,0.408600528
43456.38,0.007575758,0.366992793,0.582514938,0.424888663,0.378622685,0.382572614
43470.46,0.272727273,0.023886403,0.318824111,0.1715311,0.461956019,0.382723501
43479.59,0.053030303,0.1991384,0.523310583,0.259702698,0.586979167,0.596378725
43432.42,0.015151515,0.491944723,0.636154271,0.272421928,0.420162037,0.420143342
43438.36,0.015151515,0.193285495,0.547450799,0.355511565,0.357638889,0.46752169
43456.67,0.022727273,0.321332295,0.610001213,0.259426888,0.670300926,0.59486986
43437.45,0.106060606,0.562961598,0.627334881,0.245821526,0.451388889,0.745001886
43486.67,0.181818182,0.106177818,0.440768529,0.166941015,0.6703125,0.723877782
43435.71,0.015151515,0.069533605,0.626837641,0.521785174,0.711840278,0.319577518
43486.73,0.204545455,0.026987303,0.416604308,0.168173759,0.73287037,0.817427386
43475.3,0.060606061,0.006251055,0.661725268,0.301834862,0.295358796,0.484194644
43470.45,0.325757576,0.050278651,0.258319113,0.127675277,0.451585648,0.464202188
43452.32,0.053030303,0.088761774,0.532214727,0.358612663,0.316087963,0.379781215
43438.59,0.03030303,0.184308805,0.686349837,0.283233046,0.58681713,0.462089777
43474.26,0.121212121,0.005748871,0.66882622,0.328282828,0.264108796,0.371105243
43445.28,0.568181818,0.000720941,0.261084906,0.101234568,0.284826389,0.337533006
43430.31,0.037878788,0.120622281,0.59496198,0.275792208,0.305613426,0.283666541
43453.47,0.03030303,0.614063713,0.640163418,0.259430623,0.472361111,0.352772539
43447.68,0.03030303,0.055975337,0.584477417,0.338293651,0.680648148,0.075292343
43457.47,0.053030303,0.163333633,0.564086092,0.376923077,0.472303241,0.971331573
43455.6,0.022727273,0.589480736,0.65105166,0.254160446,0.597384259,0.439984911
43478.28,0.053030303,0.035895178,0.573922194,0.346105919,0.284953704,0.536401358
43435.4,0.007575758,0.50935669,0.636407852,0.245266133,0.399340278,0.361976613
43427.65,0.03030303,0.291463375,0.643251776,0.266122449,0.649340278,0.352395323
43438.76,0.03030303,0.025416889,0.488200098,0.253505535,0.763958333,0.334364391
43439.67,0.068181818,0.056929378,0.646132999,0.317083091,0.670173611,0.585816673
43435.4,0.015151515,0.476202743,0.650111292,0.261822691,0.399375,0.361976613
43447.63,0.053030303,0.121122344,0.569898534,0.333353941,0.628576389,0.404979253
43487.69,0.265151515,0.095227762,0.462104723,0.160481348,0.691215278,0.495209355
43453.56,0.022727273,0.593705251,0.651241272,0.24973967,0.555613426,0.242776311
43460.45,0.674242424,0.003552688,0.179337388,0.074439462,0.451493056,0.89136175
43486.45,0.356060606,0.095638708,0.341998776,0.197089947,0.451585648,0.64089023
43448.25,0.045454545,0.014465465,0.688878676,0.323060345,0.253506944,0.542361373
43447.28,0.075757576,0.040787797,0.533324038,0.248901903,0.284814815,0.190267823
43476.67,0.083333333,0.061424911,0.527330896,0.273347548,0.670358796,0.644662392
43467.41,0.553030303,0.009451682,0.210290055,0.079296875,0.409837963,0.726895511
43475.44,0.21969697,0.008127791,0.519071691,0.343835616,0.441122685,0.668804225
43455.55,0.037878788,0.76052097,0.65320158,0.253247088,0.545219907,0.548849491
43436.51,0.015151515,0.713526144,0.656639788,0.236759976,0.513958333,0.39766126
43431.33,0.045454545,0.141857207,0.64282153,0.264038501,0.326412037,0.197736703
43430.5,0.037878788,0.413321972,0.563537304,0.303367287,0.503460648,0.06473029
43434.58,0.022727273,0.382976626,0.609310896,0.287839679,0.576400463,0.107129385
43435.77,0.022727273,0.002528923,0.791015625,0.557142857,0.774386574,0.365748774
43433.5,0.015151515,0.624457946,0.623906829,0.259922506,0.503530093,0.16657865
43472.76,0.113636364,0.011871847,0.484217359,0.220776256,0.764039352,0.36122218
43474.33,0.090909091,0.089487432,0.442569734,0.217336433,0.32662037,0.364541682
43466.58,0.977272727,0.0228904,0.240099969,0.067450404,0.576574074,0.691437194
43454.46,0.03030303,0.729920659,0.61239162,0.248314992,0.461898148,0.351263674
43486.65,0.204545455,0.141081151,0.460928839,0.160087719,0.649525463,0.659751037
43456.48,0.015151515,0.136506766,0.660940819,0.36332786,0.482743056,0.152470766
43438.58,0.03030303,0.29664709,0.65621751,0.249976794,0.576481481,0.473179932
43432.32,0.015151515,0.1830503,0.643469018,0.271658275,0.315949074,0.256205206
43460.38,0.613636364,0.006740593,0.222627171,0.07975,0.378587963,0.849113542
43448.3,0.045454545,0.067515671,0.640041045,0.312955665,0.295231481,0.551112788
43435.42,0.007575758,0.546096006,0.661649396,0.252720859,0.420173611,0.333232742
43479.35,0.015151515,0.174397903,0.518010466,0.281278714,0.347384259,0.632591475
43430.43,0.045454545,0.325703055,0.548243624,0.298196773,0.430578704,0.309241796
43457.51,0.015151515,0.31817271,0.591636362,0.30983143,0.513969907,0.924556771
43435.39,0.015151515,0.500817639,0.635633086,0.253207865,0.388923611,0.378951339
43446.72,0.181818182,0.019078088,0.56490474,0.315964912,0.722349537,0.432138816
43425.44,0.007575758,0.547225973,0.619302402,0.276533089,0.440949074,0.511580536
43435.59,0.015151515,0.569466744,0.6360748,0.281095176,0.586863426,0.329309694
43450.63,0.272727273,0.037047813,0.396030127,0.194305239,0.628611111,0.56846473
43457.56,0.045454545,0.620491275,0.591230523,0.249551002,0.555648148,0.833270464
43480.53,0.075757576,0.566970102,0.532038404,0.22068145,0.534965278,0.602414183
43425.53,0.015151515,0.916654447,0.652705468,0.222763837,0.53474537,0.534666164
43462.4,0.954545455,0.007425967,0.248739919,0.058645276,0.399467593,0.889098453
43469.51,0.227272727,0.185629126,0.432975628,0.170393236,0.51400463,0.57827235
43426.65,0.03030303,0.268980345,0.647374052,0.27983078,0.649340278,0.394643531
43486.57,0.121212121,0.268814924,0.474575323,0.176341217,0.566215278,0.646171256
43452.78,0.037878788,0.000132244,0.631415563,0.452,0.784872685,0.194718974
43430.7,0.037878788,0.115557744,0.626500563,0.317746309,0.701412037,0.124556771
43442.32,0.409090909,0.003689314,0.304469041,0.167283951,0.316053241,0.612221803
43448.63,0.060606061,0.183060853,0.533052443,0.305145899,0.628506944,0.009430404
43476.28,0.303030303,0.046223638,0.405719762,0.167971724,0.284872685,0.495435685
43448.25,0.060606061,0.014482755,0.691470147,0.323225806,0.253553241,0.542361373
43425.76,0.03030303,0.004959734,0.841297238,0.666019417,0.763912037,0.385213127
43483.33,0.053030303,0.045769855,0.454648133,0.295963756,0.326550926,0.48924934
43430.5,0.037878788,0.409953933,0.562600113,0.297882491,0.503530093,0.06473029
43433.26,0.189393939,0.043414831,0.615969582,0.299331849,0.263946759,0.289324783
43434.77,0.022727273,0.001899014,0.794407895,0.564912281,0.774293981,0.04111656
43447.34,0.075757576,0.152632297,0.565700387,0.2792123,0.336898148,0.172086005
43471.4,0.174242424,0.039772301,0.313856169,0.193861066,0.399513889,0.201961524
43429.42,0.045454545,0.277371365,0.522007368,0.314006165,0.420115741,0.545228216
43481.52,0.045454545,0.482158802,0.517058618,0.19877818,0.524560185,0.399622784
43437.33,0.03030303,0.141921783,0.601442997,0.416155039,0.326412037,0.514296492
43466.45,0.522727273,0.046984403,0.300905079,0.105140187,0.451550926,0.682384006
43447.52,0.053030303,0.374477462,0.593398284,0.313101976,0.524421296,0.48200679
43467.58,0.742424242,0.039869347,0.302724127,0.084275393,0.57650463,0.742738589
43445.42,0.401515152,0.006089811,0.264124142,0.143137255,0.42025463,0.324179555
43436.76,0.03030303,0.007124082,0.723214286,0.612765957,0.763888889,0.46239155
43431.58,0.03030303,0.440977201,0.583167234,0.321180328,0.576388889,0.207091664
43467.47,0.583333333,0.033113001,0.274966033,0.089844617,0.472337963,0.658242173
43471.33,0.212121212,0.023225363,0.29344933,0.178783784,0.326527778,0.208072425
43436.43,0.007575758,0.197803552,0.720788103,0.329960957,0.430543981,0.293549604
43474.74,0.037878788,0.038724564,0.549903475,0.296140351,0.743252315,0.152621652
43456.48,0.007575758,0.136506766,0.660940819,0.36332786,0.482743056,0.152470766
43478.27,0.060606061,0.022416539,0.635753145,0.362091503,0.274537037,0.557902678
43484.34,0.068181818,0.045339523,0.410375339,0.32060207,0.336990741,0.594115428
43433.39,0.015151515,0.429960602,0.647782472,0.247754272,0.388900463,0.331044889
43429.64,0.037878788,0.194138681,0.628205231,0.286578171,0.638912037,0.701999246
43451.51,0.075757576,0.455246249,0.562976635,0.211292509,0.513981481,0.303432667
43446.31,0.242424242,0.056035266,0.469234434,0.228381963,0.305636574,0.395473406
43456.36,0.015151515,0.061437614,0.64453844,0.508578431,0.357743056,0.472651829
43476.39,0.28030303,0.168779255,0.429085155,0.1935756,0.389050926,0.826480573
43487.52,0.212121212,0.127757726,0.368058202,0.170106157,0.524513889,0.495209355
43455.77,0.037878788,0.006500521,0.740920838,0.556551724,0.774398148,0.592606564
43432.7,0.053030303,0.006067275,0.606532525,0.358241758,0.701435185,0.212749906
43478.53,0.037878788,0.246892568,0.484566552,0.232042773,0.534884259,0.603923048
43430.31,0.060606061,0.118026953,0.597021661,0.28,0.305555556,0.283666541
43468.42,0.401515152,0.020383057,0.251568642,0.110167598,0.420277778,0.455224444
43446.76,0.128787879,0.005921182,0.647635135,0.377659574,0.76400463,0.307582045
43474.74,0.053030303,0.038666723,0.547923516,0.292763731,0.743240741,0.152621652
43455.76,0.037878788,0.011007463,0.775337838,0.589333333,0.764016204,0.597133157
43484.56,0.143939394,0.412609278,0.534123522,0.196660693,0.555717593,0.627310449
43484.55,0.401515152,0.582717516,0.540313745,0.184956465,0.545381944,0.634854772
43479.28,0.068181818,0.036916005,0.513309849,0.325829876,0.284884259,0.673330819
43426.33,0.03030303,0.115112684,0.595911131,0.417699115,0.326365741,0.543493022
43472.75,0.128787879,0.021543534,0.466171167,0.211696658,0.753668981,0.401207092
43476.28,0.333333333,0.044431998,0.422567279,0.173015873,0.284918981,0.495435685
43448.41,0.03030303,0.448801669,0.602036643,0.270320892,0.409837963,0.229271973
43466.56,0.659090909,0.045350819,0.296204268,0.082562141,0.555717593,0.762353829
43433.6,0.03030303,0.351693237,0.605389982,0.351831287,0.597233796,0.045718597
43447.34,0.068181818,0.16050446,0.560358605,0.27939162,0.336921296,0.172086005
43474.42,0.136363636,0.1220207,0.41209944,0.225052083,0.420300926,0.14251226
43442.31,0.356060606,0.005014833,0.326785714,0.167889908,0.305636574,0.579026782
43482.58,0.015151515,0.576846482,0.590640903,0.216186809,0.576585648,0.613730668
43454.69,0.022727273,0.192325677,0.594536424,0.35048912,0.691122685,0.269935873
43484.5,0.022727273,0.481769179,0.54617431,0.213328365,0.503634259,0.485250849
43456.67,0.015151515,0.321332295,0.610001213,0.259426888,0.670300926,0.59486986
43485.31,0.136363636,0.017117174,0.32706448,0.19469697,0.305763889,0.69370049
43487.53,0.234848485,0.14210867,0.387963436,0.170696039,0.534918981,0.495209355
43481.53,0.053030303,0.498308524,0.531714484,0.200296221,0.534976852,0.410335722
43448.3,0.045454545,0.068476248,0.637660501,0.314697266,0.295173611,0.551112788
43482.38,0.015151515,0.203894576,0.550584017,0.313559955,0.378657407,0.544473783
43431.59,0.037878788,0.361415371,0.5860924,0.320171841,0.586770833,0.222783855
43482.4,0.045454545,0.369403248,0.532677486,0.258567226,0.399560185,0.551112788
43432.32,0.007575758,0.191504218,0.630780624,0.264276028,0.3159375,0.256205206
43456.24,0.075757576,0.00318211,0.674674855,0.423469388,0.243194444,0.566201433
43442.32,0.439393939,0.004114004,0.294477104,0.154945055,0.315983796,0.612221803
43477.52,0.053030303,0.275702224,0.500248966,0.238120018,0.524479167,0.559411543
43466.47,0.431818182,0.060114549,0.293084069,0.104491324,0.472372685,0.732930969
43475.6,0.136363636,0.100180227,0.547461604,0.290295215,0.597418981,0.682384006
43428.52,0.121212121,0.527655207,0.61374578,0.273324996,0.524351852,0.626556017
43480.46,0.060606061,0.150690701,0.550233871,0.256913379,0.462013889,0.606940777
43445.5,0.409090909,0.004147634,0.285340909,0.164117647,0.503587963,0.292870615
43431.4,0.015151515,0.197165067,0.631421285,0.314585845,0.399328704,0.569973595
43445.68,0.295454545,0.01575579,0.423824024,0.222304833,0.680659722,0.509241796
43450.6,0.340909091,0.112072262,0.374313296,0.152307019,0.597268519,0.406789891
43449.41,0.03030303,0.195119095,0.616360624,0.287608731,0.409803241,0.491059977
43425.34,0.015151515,0.065755114,0.64141023,0.472982709,0.336770833,0.457261411
43452.42,0.045454545,0.406550209,0.574260544,0.251752761,0.420231481,0.50350811
43481.77,0.03030303,0.005922624,0.688295455,0.431410256,0.774513889,0.600905319
43474.71,0.037878788,0.087582999,0.529167025,0.278002287,0.712013889,0.178800453
43458.31,0.318181818,0.00563009,0.373521293,0.176890756,0.305717593,0.859675594
43472.49,0.106060606,0.221181876,0.424873758,0.215173172,0.493275463,0.524330441
43468.67,0.287878788,0.065389604,0.396884923,0.16241966,0.6703125,0.402640513
43472.61,0.083333333,0.271252009,0.521867892,0.221494756,0.607766204,0.629573746
43433.26,0.015151515,0.040340897,0.627918454,0.312356792,0.263888889,0.289324783
43448.64,0.083333333,0.180316536,0.517888882,0.302071184,0.638935185,0.027913995
43482.38,0.007575758,0.203894576,0.550584017,0.313559955,0.378657407,0.544473783
43479.45,0.060606061,0.249493376,0.552679928,0.265110442,0.451550926,0.618257261
43471.27,0.840909091,0.008006351,0.350608032,0.174367089,0.274444444,0.368615617
43453.4,0.128787879,0.382619038,0.59528385,0.297991189,0.399409722,0.318370426
43433.73,0.053030303,0.030569174,0.57445941,0.343658537,0.732650463,0.114447378
43471.74,0.196969697,0.017165492,0.407166204,0.188544892,0.743229167,0.189890607
43463.5,0.871212121,0.003546583,0.193768169,0.054109589,0.503634259,0.818181818
43465.59,0.803030303,0.010842751,0.227828212,0.05815508,0.58693287,0.695209355
43480.63,0.060606061,0.226794465,0.503126987,0.26665669,0.628715278,0.508940023
43483.33,0.053030303,0.045930723,0.456343353,0.302253756,0.326631944,0.48924934
43482.33,0.045454545,0.101750924,0.492381092,0.342545455,0.3265625,0.523425123
43478.3,0.060606061,0.050414931,0.565267883,0.325785714,0.295381944,0.669558657
43440.66,0.272727273,0.095554007,0.451214188,0.183194407,0.659826389,0.595624293
43425.75,0.022727273,0.01024401,0.834205317,0.65879397,0.7534375,0.380535647
43452.47,0.045454545,0.494857705,0.592663998,0.229815058,0.472326389,0.409204074
43478.58,0.037878788,0.153705041,0.506518645,0.267785668,0.5765625,0.491437194
43470.45,0.25,0.052157871,0.295219825,0.146200918,0.451516204,0.464202188
43445.35,0.484848485,0.006958296,0.277350122,0.12515528,0.347337963,0.374198416
43436.51,0.007575758,0.808003199,0.636672794,0.210106258,0.513969907,0.39766126
43480.4,0.03030303,0.268212874,0.508917621,0.23880436,0.399479167,0.668804225
43463.58,0.765151515,0.004555048,0.175060314,0.054603175,0.576550926,0.87476424
43475.41,0.106060606,0.010766019,0.541253201,0.306422018,0.409884259,0.592606564
43480.53,0.075757576,0.579321994,0.532591743,0.215278357,0.534884259,0.602414183
43439.46,0.022727273,0.228234726,0.595754925,0.29610861,0.461851852,0.69671822
43486.35,0.272727273,0.015775908,0.273599021,0.185862786,0.34744213,0.627310449
43445.47,0.378787879,0.004352329,0.271239954,0.151351351,0.472291667,0.373745756
43440.51,0.28030303,0.083641845,0.486709578,0.232223416,0.513946759,0.735948699
43453.41,0.037878788,0.413403345,0.600370109,0.299777246,0.409791667,0.310222558
43449.24,0.159090909,0.001655123,0.679245283,0.316049383,0.243148148,0.367559412
43455.72,0.015151515,0.085890584,0.645543822,0.409273798,0.722314815,0.455526217
43449.38,0.060606061,0.059391256,0.629713405,0.307099279,0.378564815,0.375254621
43452.69,0.037878788,0.110483125,0.539743219,0.349819103,0.691076389,0.164994342
43427.47,0.03030303,0.508864399,0.626009872,0.30553238,0.4721875,0.56167484
43448.69,0.204545455,0.055013571,0.454030596,0.266687618,0.691099537,0.076952094
43486.7,0.295454545,0.064759837,0.435034225,0.162172965,0.701585648,0.457864957
43448.74,0.113636364,0.011694465,0.494527145,0.261458333,0.743090278,0.220143342
43475.56,0.060606061,0.06425245,0.554084029,0.325776755,0.555717593,0.744247454
43445.61,0.234848485,0.019648587,0.408110494,0.220214395,0.607743056,0.437495285
43434.68,0.022727273,0.131089316,0.601436147,0.457827359,0.680532407,0.131723878
43436.71,0.098484848,0.059595894,0.595155271,0.474855252,0.711805556,0.497170879
43438.24,0.083333333,0.004669719,0.639560153,0.375862069,0.243101852,0.600150886
43474.33,0.136363636,0.085717397,0.44286661,0.219979006,0.326597222,0.364541682
43483.32,0.037878788,0.042160878,0.458886327,0.313111727,0.316168981,0.513164843
43486.6,0.174242424,0.285635826,0.499344301,0.17287536,0.597476852,0.584307808
43479.59,0.060606061,0.1991384,0.523310583,0.259702698,0.586979167,0.596378725
43428.65,0.022727273,0.297253653,0.639888796,0.263806726,0.649328704,0.597133157
43474.53,0.106060606,0.250125346,0.470116368,0.228033878,0.53494213,0.084949076
43434.69,0.022727273,0.103870087,0.609469438,0.473761208,0.69099537,0.138890985
43477.31,0.090909091,0.020056884,0.508505848,0.214966887,0.305706019,0.619011694
43454.42,0.037878788,0.422642247,0.613182222,0.30663134,0.42025463,0.300792154
43475.71,0.242424242,0.020778269,0.590779817,0.28952959,0.712025463,0.565447001
43436.46,0.015151515,0.657283038,0.656581075,0.240649123,0.461875,0.328102603
43475.33,0.121212121,0.013614124,0.607797849,0.282073434,0.326597222,0.449415315
43476.3,0.196969697,0.054700701,0.421151754,0.181360805,0.295277778,0.649943418
43455.52,0.007575758,0.774724862,0.651030045,0.25588405,0.524467593,0.511429649
43429.75,0.022727273,0.014596141,0.778372403,0.407692308,0.753460648,0.352018106
43483.68,0.060606061,0.124194176,0.515229954,0.259969247,0.680775463,0.573745756
43425.4,0.03030303,0.41135464,0.586787024,0.316242175,0.399340278,0.478913618
43449.34,0.068181818,0.030880427,0.597540984,0.281081081,0.336851852,0.564692569
43482.66,0.007575758,0.186124448,0.550681268,0.291543421,0.659953704,0.562429272
43452.52,0.045454545,0.596888111,0.572275185,0.209706193,0.524375,0.329611467
43434.74,0.022727273,0.024803972,0.675663165,0.550727651,0.743113426,0.142135043
43428.5,0.03030303,0.478329651,0.603927309,0.283673867,0.503460648,0.652961147
43457.51,0.015151515,0.31101164,0.590292339,0.317083997,0.514050926,0.924556771
43474.73,0.045454545,0.050692301,0.533849183,0.288844086,0.732800926,0.080271596
43445.61,0.234848485,0.019159631,0.400881902,0.220221169,0.607662037,0.437495285
43483.58,0.068181818,0.515721341,0.545092476,0.196551053,0.576631944,0.640135798
43435.65,0.007575758,0.222232922,0.627729759,0.405151633,0.64931713,0.327876273
43481.57,0.045454545,0.446021052,0.542719268,0.217518839,0.56619213,0.42172765
43425.3,0.037878788,0.074694254,0.565508606,0.427808814,0.295173611,0.420067899
43432.26,0.007575758,0.046990262,0.668360358,0.290065789,0.263900463,0.70350811
43448.59,0.053030303,0.382443888,0.563557908,0.289897305,0.58693287,0.058468502
43430.53,0.045454545,0.265786035,0.578565198,0.307336852,0.534756944,0.053941909
43472.57,0.090909091,0.269788396,0.488101607,0.212571248,0.56619213,0.336627688
43428.65,0.015151515,0.296053154,0.632918245,0.255105134,0.64931713,0.597133157
43449.35,0.075757576,0.091897794,0.598665243,0.281492948,0.347303241,0.596378725
43481.49,0.037878788,0.492627397,0.546250381,0.209616862,0.493229167,0.456129762
43478.73,0.045454545,0.019665392,0.631510417,0.357274401,0.732881944,0.553376084
43426.48,0.022727273,0.518195003,0.634215906,0.27364203,0.482662037,0.477480196
43450.51,0.53030303,0.041301186,0.326690694,0.120135629,0.513969907,0.466993587
43456.27,0.03030303,0.032520614,0.559678914,0.44279476,0.274375,0.633345907
43479.44,0.045454545,0.197214201,0.56793418,0.268711755,0.441180556,0.574500189
43453.78,0.03030303,0.001082293,0.819140625,0.541860465,0.784872685,0.218257261
43431.75,0.037878788,0.006374304,0.768041617,0.38358209,0.753518519,0.220822331
43425.57,0.015151515,0.662486933,0.671096685,0.23650065,0.565949074,0.377140702
43487.72,0.174242424,0.053561373,0.465889876,0.166464208,0.722488426,0.495209355
43468.57,0.257575758,0.198604958,0.435911203,0.148117949,0.566145833,0.474462467
43425.77,0.03030303,0.000105418,1,1,0.774282407,0.358279894
43450.71,0.113636364,0.034365484,0.437377186,0.266464646,0.711898148,0.558657111
43485.47,0.106060606,0.067540887,0.469758703,0.266970157,0.472407407,0.774424745
43481.77,0.053030303,0.00575375,0.705700549,0.43081761,0.774548611,0.600905319
43431.26,0.015151515,0.057826815,0.642268424,0.254956268,0.263912037,0.278611845
43429.72,0.022727273,0.061773439,0.623509226,0.310313175,0.722222222,0.520030177
43483.36,0.053030303,0.048149082,0.487025629,0.308359375,0.357800926,0.560165975
43441.27,0.348484848,0.006143565,0.303269573,0.157198444,0.27431713,0.751791777
43481.57,0.045454545,0.450344512,0.545925549,0.22009702,0.566180556,0.42172765
43458.34,0.424242424,0.009943681,0.30709278,0.151364764,0.336967593,0.845341381
43470.36,0.174242424,0.020826803,0.275490614,0.164469914,0.357777778,0.485929838
43475.74,0.174242424,0.02421824,0.624106272,0.288101266,0.743217593,0.465484723
43431.41,0.022727273,0.204592009,0.626070054,0.318221623,0.409710648,0.574500189
43453.59,0.075757576,0.504979181,0.632561758,0.250890856,0.586909722,0.344926443
43439.26,0.03030303,0.021381527,0.566781105,0.41010101,0.263958333,0.612976235
43483.61,0.25,0.308889786,0.540457216,0.216155275,0.607835648,0.621274991
43477.73,0.090909091,0.013154988,0.564638783,0.340331492,0.732824074,0.577517918
43432.43,0.007575758,0.481619307,0.635628613,0.278178088,0.430543981,0.367861184
43468.52,0.21969697,0.161296159,0.413734662,0.145598665,0.52443287,0.459222935
43471.6,0.348484848,0.086750799,0.387589604,0.148274918,0.597349537,0.268125236
43432.49,0.007575758,0.464132298,0.631403752,0.314880419,0.49306713,0.59788759
43483.63,0.143939394,0.317560072,0.520883606,0.224516852,0.628634259,0.538438325
43432.3,0.015151515,0.111535216,0.649593938,0.281496599,0.295173611,0.43130894
43467.44,0.704545455,0.016426813,0.24734589,0.080885529,0.441111111,0.697472652
43430.27,0.090909091,0.058128428,0.622673862,0.272655841,0.274270833,0.381290079
43486.74,0.212121212,0.028662987,0.370757299,0.155958549,0.743298611,0.781214636
43433.72,0.053030303,0.031539065,0.510836636,0.300674916,0.722256944,0.144926443
43471.44,0.25,0.076885479,0.340840307,0.189820359,0.441134259,0.254168238
43475.77,0.136363636,0.003268754,0.9825,0.422580645,0.774444444,0.466314598
43438.59,0.015151515,0.185863948,0.683964795,0.284697682,0.586805556,0.462089777
43466.55,0.621212121,0.045508213,0.306655593,0.083702591,0.54525463,0.735948699
43440.44,0.189393939,0.050930349,0.468647723,0.286226283,0.441006944,0.632591475
43437.45,0.106060606,0.550235063,0.628360334,0.246899204,0.451458333,0.745001886
43463.51,0.924242424,0.007303514,0.192084739,0.053254438,0.513981481,0.835533761
43440.69,0.431818182,0.022310374,0.457141735,0.232972973,0.69099537,0.708789136
43432.45,0.007575758,0.482012046,0.65089737,0.305485545,0.451412037,0.057110524
43469.28,0.265151515,0.005497256,0.314589666,0.182178218,0.284861111,0.484798189
43478.26,0.068181818,0.012854902,0.495399746,0.271801567,0.2640625,0.631837043
43428.25,0.022727273,0.017741351,0.808900298,0.453145336,0.253472222,0.530290456
43479.41,0.053030303,0.252495359,0.539940353,0.264908227,0.409872685,0.630328178
43477.74,0.121212121,0.011059206,0.624878405,0.373202614,0.743240741,0.617502829
43466.43,0.560606061,0.03553231,0.286383495,0.098924731,0.430740741,0.676348548
43435.76,0.03030303,0.008095991,0.788016055,0.63625,0.763935185,0.365899661
43441.45,0.25,0.036616652,0.414326541,0.262005786,0.451400463,0.774424745
43452.68,0.037878788,0.057516326,0.604376481,0.379958101,0.680659722,0.167333082
43440.47,0.295454545,0.080954542,0.476429096,0.251047845,0.472303241,0.800829876
43475.55,0.098484848,0.055220847,0.546069718,0.318737542,0.545277778,0.720105621
43470.53,0.272727273,0.039205941,0.336292118,0.136054827,0.534861111,0.419690683
43431.6,0.068181818,0.311000595,0.583586788,0.320999426,0.597233796,0.222180309
43429.45,0.045454545,0.290195306,0.536424419,0.316003082,0.451435185,0.592606564
43432.65,0.037878788,0.022664965,0.608348987,0.381174439,0.649351852,0.346435307
43446.68,0.136363636,0.08409509,0.472700758,0.285525192,0.680613426,0.431987929
43472.28,0.189393939,0.006357427,0.263046946,0.135714286,0.284861111,0.525084874
43469.4,0.303030303,0.050406259,0.341036677,0.206369427,0.399490741,0.615239532
43472.56,0.083333333,0.295341969,0.49108161,0.213060167,0.555729167,0.304639759
43482.45,0.015151515,0.510638414,0.559431299,0.240855609,0.451574074,0.529460581
43457.73,0.060606061,0.054160382,0.5952417,0.320453074,0.732743056,0.931346662
43431.5,0.022727273,0.471662573,0.605701807,0.334329401,0.503530093,0.064805734
43438.5,0.060606061,0.600803511,0.614185039,0.219196777,0.503553241,0.47476424
43425.63,0.015151515,0.425249309,0.654109134,0.272196133,0.62849537,0.33270464
43465.58,0.856060606,0.009131371,0.247582117,0.062229102,0.576585648,0.738211995
43462.41,0.977272727,0.005344356,0.247119312,0.059058824,0.409907407,0.899660505
43482.52,0.037878788,0.518015218,0.583511931,0.229908946,0.524479167,0.534062618
43448.35,0.045454545,0.269301979,0.59886496,0.294987745,0.347268519,0.417125613
43440.51,0.295454545,0.079533516,0.481676267,0.235423793,0.513993056,0.735948699
43468.57,0.257575758,0.212956725,0.441246732,0.146412371,0.566157407,0.474462467
43487.65,0.25,0.109787947,0.411717403,0.14753859,0.649525463,0.495209355
43429.31,0.060606061,0.044019539,0.637105158,0.357370184,0.305509259,0.554130517
43426.67,0.03030303,0.214972625,0.627085872,0.292507118,0.670081019,0.432666918
43487.28,0.333333333,0.01087523,0.333123199,0.135643564,0.284965278,0.495209355
43486.65,0.25,0.16208985,0.479398611,0.158125609,0.649490741,0.659751037
43484.52,0.037878788,0.50702505,0.55387048,0.20177691,0.524490741,0.489852886
43429.52,0.053030303,0.346359851,0.545502433,0.267809035,0.524328704,0.560165975
43439.58,0.03030303,0.504408998,0.642043883,0.237625928,0.576412037,0.865711052
43487.35,0.121212121,0.036069364,0.308335125,0.193006358,0.34744213,0.495209355
43476.43,0.159090909,0.136655584,0.434806286,0.227472527,0.430717593,0.572236892
43481.7,0.022727273,0.089279128,0.495880108,0.328342014,0.701574074,0.299132403
43475.53,0.060606061,0.036048513,0.555003815,0.339244491,0.534918981,0.719351188
43466.52,0.666666667,0.052680388,0.310147992,0.089284492,0.524456019,0.747265183
43467.5,0.583333333,0.046804662,0.298368463,0.095650407,0.503611111,0.697472652
43471.31,0.303030303,0.018012871,0.396766869,0.231122449,0.305706019,0.213655224
43470.65,0.166666667,0.116625662,0.428630861,0.162698249,0.649479167,0.300792154
43461.35,0.886363636,0.004944641,0.258333333,0.064583333,0.347361111,0.757827235
43436.64,0.022727273,0.295060671,0.611153789,0.314422181,0.638912037,0.492568842
43425.48,0.007575758,1,0.621906246,0.230265355,0.482581019,0.473406262
43430.49,0.068181818,0.388209902,0.558936876,0.306467977,0.493020833,0.12289702
43471.73,0.196969697,0.022634078,0.395451967,0.180957944,0.732800926,0.21893625
43444.71,0.757575758,0.000398912,0.178859447,0.056790123,0.711875,0.720105621
43441.31,0.696969697,0.005904795,0.289966955,0.153252033,0.305659722,0.793285553
43434.67,0.022727273,0.148113485,0.599676144,0.45095935,0.670162037,0.168615617
43428.53,0.022727273,0.513867086,0.617782422,0.269392593,0.534675926,0.634854772
43456.3,0.022727273,0.059512518,0.548256524,0.471305099,0.295266204,0.678611845
43457.41,0.613636364,0.185258572,0.560139336,0.421884347,0.409814815,0.918521313
43430.38,0.037878788,0.253286427,0.569088832,0.300450758,0.378460648,0.344096567
43469.55,0.439393939,0.1080302,0.413195176,0.149785223,0.545324074,0.536024142
43428.6,0.015151515,0.45400632,0.64217598,0.251099006,0.59724537,0.609204074
43430.55,0.045454545,0.37975201,0.584904165,0.315239034,0.545127315,0.021803093
43452.75,0.037878788,0.010853338,0.663226744,0.463921569,0.753553241,0.171708789
43473.47,0.159090909,0.1198033,0.365418094,0.194993679,0.472372685,0.379781215
43487.63,0.196969697,0.136972241,0.433321771,0.155034693,0.628668981,0.495209355
43426.38,0.022727273,0.25602111,0.580126774,0.381695027,0.378414352,0.560165975
43454.76,0.045454545,0.011538191,0.757225669,0.610666667,0.764016204,0.478838174
43487.71,0.212121212,0.063960662,0.426503333,0.158176449,0.711979167,0.495209355
43483.7,0.045454545,0.069860501,0.526581757,0.28267565,0.701585648,0.544926443
43473.64,0.136363636,0.134643696,0.448032739,0.196609477,0.639016204,0.152244436
43442.4,0.356060606,0.017144962,0.293232137,0.190441176,0.399363426,0.575254621
43450.64,0.257575758,0.039472866,0.388457714,0.190414878,0.638981481,0.556393814
43432.27,0.015151515,0.075769214,0.631589867,0.266829452,0.274282407,0.762353829
43460.33,0.856060606,0.003117066,0.229510613,0.068379447,0.326539352,0.874009808
43442.38,0.454545455,0.011784194,0.284810127,0.185089974,0.378564815,0.566201433
43486.72,0.159090909,0.032847524,0.394733646,0.173637821,0.722407407,0.797057714
43435.63,0.015151515,0.348305358,0.622414612,0.343491156,0.628472222,0.314145605
43478.4,0.045454545,0.281698516,0.565202717,0.256301518,0.399490741,0.528555262
43485.64,0.227272727,0.200174395,0.496489828,0.17207512,0.639155093,0.576763485
43456.51,0.03030303,0.452906241,0.646183979,0.291416638,0.513993056,0.226329687
43448.51,0.037878788,0.177581426,0.622693028,0.325385833,0.513946759,0.060656356
43435.61,0.022727273,0.427041048,0.625420009,0.305661502,0.607719907,0.312712184
43474.73,0.03030303,0.050692301,0.533849183,0.288844086,0.732800926,0.080271596
43437.58,0.022727273,0.273242882,0.687398286,0.274295138,0.576400463,0.525084874
43454.63,0.03030303,0.359437341,0.624031981,0.278289848,0.628599537,0.323877782
43450.51,0.446969697,0.041301186,0.326690694,0.120135629,0.513969907,0.466993587
43427.76,0.045454545,0.007553384,0.711836283,0.377973568,0.763923611,0.182044512
43483.72,0.075757576,0.032350188,0.540396341,0.309606987,0.722430556,0.582044512
43446.31,0.174242424,0.047484028,0.479090389,0.233647207,0.305601852,0.395473406
43450.72,0.098484848,0.024531606,0.457936644,0.290895742,0.722314815,0.555639381
43435.7,0.015151515,0.088106887,0.619553776,0.506928949,0.701412037,0.31542814
43479.7,0.136363636,0.107640798,0.503076479,0.311177087,0.701631944,0.486835157
43460.53,0.537878788,0.005363312,0.185363491,0.089591078,0.534872685,0.724632214
43429.58,0.045454545,0.357813011,0.58269639,0.256808354,0.576388889,0.683138438
43450.68,0.189393939,0.067726541,0.401761518,0.222201405,0.680613426,0.587325538
43448.51,0.03030303,0.177264604,0.624939501,0.323392962,0.51400463,0.060656356
43458.46,0.909090909,0.003119649,0.165464186,0.069117647,0.46193287,0.784986797
43451.31,0.106060606,0.06726347,0.513971296,0.313076923,0.305613426,0.304111656
43448.65,0.113636364,0.094096345,0.510884344,0.304815534,0.649375,0.065786496
43456.28,0.022727273,0.043830055,0.534934304,0.466009281,0.284814815,0.658996605
43457.44,0.037878788,0.136243386,0.558696252,0.397188106,0.441064815,0.934364391
43476.72,0.189393939,0.023285545,0.505389305,0.224224344,0.722372685,0.49158808
43454.55,0.03030303,0.74413776,0.624286045,0.22644993,0.545266204,0.265635609
43438.51,0.060606061,0.609944038,0.624588276,0.225176117,0.513923611,0.472727273
43485.38,0.106060606,0.047252979,0.371962389,0.278353141,0.378680556,0.640135798
43466.66,0.659090909,0.009059792,0.220458519,0.079343629,0.659826389,0.531195775
43425.64,0.022727273,0.293357436,0.684543997,0.308019755,0.638865741,0.310373444
43483.6,0.098484848,0.182270918,0.552888021,0.221123394,0.59744213,0.615993965
43448.25,0.068181818,0.014531885,0.682122565,0.321290323,0.253576389,0.542361373
43434.73,0.015151515,0.038410237,0.645691995,0.53495935,0.732662037,0.155639381
43429.4,0.053030303,0.265749493,0.520560442,0.312833849,0.399293981,0.5013957
43476.55,0.174242424,0.234488689,0.446639395,0.226005502,0.545277778,0.844586948
43456.64,0.03030303,0.243653304,0.619184826,0.24112171,0.639016204,0.695209355
43486.56,0.159090909,0.284502734,0.470625404,0.171214876,0.555775463,0.626556017
43457.58,0.045454545,0.333867457,0.630150334,0.275767544,0.576469907,0.837797058
43487.65,0.272727273,0.116428106,0.427275089,0.146693425,0.649548611,0.495209355
43447.42,0.090909091,0.388041073,0.584195016,0.277290045,0.420266204,0.641644662
43467.64,0.71969697,0.026993233,0.287751623,0.087884873,0.639016204,0.482761222
43440.71,0.325757576,0.013336564,0.439223922,0.215800416,0.711898148,0.714070162
43445.76,0.325757576,0.001629335,0.4921875,0.269230769,0.763935185,0.35164089
43470.63,0.196969697,0.128281964,0.42446258,0.153804544,0.628668981,0.293247831
43468.56,0.295454545,0.20546377,0.434676289,0.15403352,0.555752315,0.451754055
43428.53,0.03030303,0.513867086,0.617782422,0.269392593,0.534675926,0.634854772
43482.63,0.015151515,0.345049432,0.555137963,0.246599767,0.628680556,0.628819313
43485.52,0.090909091,0.478657969,0.508192467,0.190286084,0.524525463,0.827235006
43432.31,0.022727273,0.16183657,0.62192977,0.262344052,0.30556713,0.344096567
43454.25,0.106060606,0.00898643,0.619728631,0.4855,0.253564815,0.387778197
43432.32,0.015151515,0.1830503,0.643469018,0.271658275,0.315949074,0.256205206
43450.45,0.522727273,0.008579949,0.309497817,0.118309859,0.451481481,0.532855526
43438.65,0.022727273,0.290545025,0.597745681,0.26040896,0.649363426,0.440135798
43477.27,0.181818182,0.0102779,0.453665988,0.181235698,0.274456019,0.588834402
43479.56,0.037878788,0.200668294,0.531453956,0.260224439,0.555706019,0.579781215
43470.63,0.212121212,0.124161866,0.417603819,0.153863551,0.628634259,0.293247831
43433.75,0.053030303,0.01206912,0.613405743,0.356637168,0.753530093,0.243153527
43457.71,0.053030303,0.053128026,0.684509287,0.300524781,0.711875,0.859675594
43447.56,0.045454545,0.434284572,0.594868421,0.303383662,0.555648148,0.375782724
43475.5,0.053030303,0.013187255,0.544497639,0.367164179,0.50369213,0.704262542
43427.71,0.037878788,0.091004624,0.614897464,0.303515196,0.711851852,0.324330441
43440.44,0.196969697,0.053286442,0.475256465,0.280855263,0.441041667,0.632591475
43468.69,0.189393939,0.044187325,0.39272584,0.178673835,0.691145833,0.323877782
43431.76,0.03030303,0.002731638,0.769186047,0.369811321,0.763923611,0.363636364
43472.39,0.113636364,0.09807012,0.392672032,0.245114943,0.389039352,0.498528857
43426.67,0.03030303,0.214972625,0.627085872,0.292507118,0.670081019,0.432666918
43460.59,0.681818182,0.002920038,0.176479008,0.070618557,0.586956019,0.676348548
43487.28,0.234848485,0.010630499,0.304295006,0.119880716,0.284988426,0.495209355
43468.48,0.310606061,0.086529246,0.33756769,0.132140964,0.482824074,0.423236515
43474.61,0.128787879,0.061359783,0.520269861,0.265483029,0.607789352,0.406035458
43451.72,0.083333333,0.03876663,0.480213766,0.332457983,0.722349537,0.185892116
43459.72,0.772727273,0.002330252,0.233875267,0.066666667,0.722361111,0.613730668
43449.49,0.03030303,0.433267786,0.631753298,0.296253666,0.493125,0.649188985
43433.49,0.037878788,0.601448993,0.628940948,0.257234436,0.493090278,0.230629951
43467.55,0.810606061,0.057378099,0.316488927,0.090339836,0.5453125,0.741229725
43467.55,0.613636364,0.049088269,0.312755586,0.091558442,0.545335648,0.741229725
43430.7,0.03030303,0.109120736,0.626302459,0.322190923,0.701377315,0.124556771
43467.63,0.681818182,0.026972903,0.280748024,0.088175676,0.628634259,0.537457563
43445.46,0.439393939,0.002892311,0.256115177,0.148120301,0.461898148,0.35164089
43476.75,0.083333333,0.005301716,0.437688936,0.173684211,0.753634259,0.487212373
43474.52,0.075757576,0.268379304,0.473364457,0.236382585,0.524444444,0.125763863
43486.48,0.159090909,0.016888536,0.338756983,0.186183074,0.482835648,0.494756696
43456.35,0.068181818,0.04582754,0.657577598,0.536621315,0.347303241,0.506374953
43435.52,0.015151515,0.867685371,0.643767061,0.221997504,0.524340278,0.365220671
43429.3,0.060606061,0.067082392,0.566552316,0.292430279,0.295185185,0.528102603
43479.36,0.325757576,0.212977726,0.516493788,0.27919317,0.357789352,0.685401735
43486.39,0.393939394,0.034711752,0.272061639,0.173693859,0.389074074,0.652961147
43439.55,0.022727273,0.681600851,0.628097235,0.220156899,0.545196759,0.769898152
43455.56,0.166666667,0.622115133,0.658309142,0.250639169,0.555636574,0.498151641
43425.35,0.03030303,0.19611952,0.576416834,0.388545773,0.347199074,0.43643908
43471.28,0.265151515,0.010602878,0.35627184,0.194369973,0.28494213,0.377291588
43443.35,0.621212121,0.000555943,0.208669355,0.115,0.347314815,0.825726141
43471.43,0.242424242,0.075572397,0.345133894,0.192889252,0.43068287,0.268728782
43460.71,0.75,0.002596322,0.190978664,0.070930233,0.711967593,0.591852131
43460.53,0.598484848,0.005569291,0.189938341,0.09028777,0.534814815,0.724632214
43452.71,0.045454545,0.054205015,0.566569534,0.414557486,0.711863426,0.172312335
43473.27,0.439393939,0.009529405,0.406598189,0.180208333,0.274525463,0.36401358
43448.41,0.053030303,0.448613215,0.604350017,0.276714286,0.409768519,0.229271973
43476.34,0.189393939,0.07663591,0.429485232,0.20290611,0.337013889,0.381893625
43435.55,0,0.680233274,0.64917077,0.2411733,0.545185185,0.329385138
43426.69,0.022727273,0.018144828,0.841004184,0.487272727,0.690972222,0.393511882
43451.72,0.060606061,0.038724806,0.513229185,0.358297872,0.722361111,0.185892116
43436.47,0.022727273,0.763070279,0.634122563,0.216460991,0.472222222,0.36378725
43448.24,0.045454545,0.004231007,0.804044118,0.410869565,0.243113426,0.571482459
43430.24,0.015151515,0.009223183,0.736795775,0.268834688,0.243032407,0.377140702
43445.43,0.492424242,0.003402327,0.263380525,0.146753247,0.430613426,0.358807997
43445.47,0.454545455,0.003919706,0.261384758,0.153374233,0.472256944,0.373745756
43485.42,0.068181818,0.080607158,0.44567567,0.284069982,0.420347222,0.671821954
43474.28,0.106060606,0.025176465,0.525974026,0.249056604,0.284953704,0.435005658
43445.63,0.257575758,0.029516701,0.403056725,0.208648111,0.628530093,0.45047152
43454.59,0.022727273,0.603324062,0.628868341,0.243293113,0.586909722,0.368238401
43460.56,0.75,0.004205533,0.1978125,0.084738956,0.555659722,0.705016975
43449.63,0.037878788,0.017892238,0.656408295,0.414157303,0.628611111,0.690682761
43459.53,0.681818182,0.001744818,0.162388393,0.094174757,0.534861111,0.757827235
43450.63,0.21969697,0.037185108,0.38823043,0.18969697,0.628564815,0.56846473
43433.45,0.037878788,0.636963157,0.638034138,0.240250961,0.451365741,0.211391928
43434.52,0.015151515,0.663776022,0.642987927,0.260151198,0.524363426,0.052583931
43478.73,0.053030303,0.019751156,0.637807964,0.357866184,0.7328125,0.553376084
43447.57,0.037878788,0.387745749,0.566897348,0.293958192,0.566018519,0.33949453
43452.41,0.068181818,0.349199827,0.562706517,0.255440323,0.409826389,0.522821577
43469.45,0.272727273,0.117886033,0.385354181,0.190670268,0.45150463,0.599396454
43456.47,0.03030303,0.44667395,0.61077996,0.317590578,0.472303241,0.192682007
43478.35,0.068181818,0.152144452,0.555178489,0.274705252,0.34744213,0.674839683
43457.34,0.015151515,0.138409681,0.558809323,0.444293667,0.33693287,0.674085251
43457.72,0.068181818,0.048871481,0.66678424,0.306801831,0.722337963,0.753300641
43447.35,0.106060606,0.207675736,0.556344049,0.269517908,0.347256944,0.107883817
43467.47,0.704545455,0.033113001,0.274966033,0.089844617,0.472337963,0.658242173
43480.56,0.060606061,0.395347913,0.52827218,0.240386263,0.555787037,0.576009053
43477.71,0.083333333,0.057443698,0.4758943,0.273642943,0.711967593,0.58807997
43471.65,0.310606061,0.093330759,0.419283093,0.162526096,0.649525463,0.275518672
43439.39,0.015151515,0.230083155,0.541808829,0.34136224,0.388888889,0.698227084
